restricted_code,action
284910000000,add
360500000000,add
381300000013,add
381300000014,add
381300000015,add
381300000016,add
381300000017,add
391733000000,add
392030000000,add
392049100000,add
400911000000,add
400921009011,add
400941009000,add
401011000000,add
401012000000,add
401019000000,add
401031000000,add
401032000000,add
401033000000,add
401034000000,add
401039000000,add
520710000000,add
520790000000,add
540600000000,add
551110000000,add
551120000000,add
551130000000,add
720915009000,add
720917100019,add
720918100019,add
720925009000,add
721012200011,add
721012200080,add
721050001011,add
721050009011,add
721123201000,add
721123202000,add
721129001011,add
721129001012,add
721720300011,add
721720300013,add
721720500012,add
721720500013,add
721720900000,add
721810000000,add
721891100011,add
721891100012,add
721891800011,add
721891800012,add
721899110000,add
721899190000,add
721899200000,add
721899800000,add
722410100000,add
722410900000,add
722490020011,add
722490020019,add
722490030000,add
722490050000,add
722490070000,add
722490140000,add
722490180000,add
722490310000,add
722490380000,add
722490900000,add
722530100000,add
722530300011,add
722530300019,add
722530900011,add
722530900019,add
722540120000,add
722540150011,add
722540150019,add
722540400000,add
722540600000,add
722540900000,add
722550200021,add
722550200029,add
722550200031,add
722550200039,add
722550800011,add
722550800012,add
722619100011,add
722619100019,add
722619800011,add
722619800012,add
722620000011,add
722620000012,add
722620000013,add
722620000021,add
722691200000,add
722691910000,add
722691990000,add
722692000011,add
722692000012,add
722790950000,add
722830410000,add
722830490000,add
722830610000,add
722830700000,add
722830890000,add
722840900000,add
722850400000,add
722850610000,add
722850690011,add
722850690019,add
722850800000,add
722860200011,add
722860200019,add
722860800011,add
722860800019,add
730431201000,add
730431209000,add
730431809000,add
730630801000,add
730630809000,add
730721000000,add
730723100000,add
730723900000,add
730791000000,add
730793110000,add
730793190000,add
730900300012,add
731010009000,add
731300000011,add
731520000000,add
732090900000,add
740319001000,add
740811000011,add
740819100011,add
740819900011,add
741980300000,add
750521000000,add
750522000000,add
750620000013,add
761210000000,add
780600800000,add
820320000011,add
820320000012,add
820320000019,add
820411000000,add
820412000000,add
820420000000,add
820540000000,add
820590900000,add
820600000000,add
830710000011,add
830710000012,add
830710000018,add
830790000012,add
830790000013,add
830790000018,add
831110009011,add
831110009012,add
831110009013,add
831110009019,add
843139000000,add
843141000000,add
843142000000,add
843143000000,add
843149202100,add
843149202300,add
843149202900,add
843149204900,add
843149800000,add
848110990000,add
848210100011,add
848210100012,add
848210900011,add
848210900012,add
848210900013,add
853669900011,add
870870100000,add
870870500013,add
870870990013,add
870880200000,add
870880350000,add
930320100000,add
930320950000,add
930621000000,add
930629000000,add
321310000000,add
321390000000,add
340700009012,add
392410000039,add
392610000000,add
401692000000,add
420222100000,add
420222909000,add
420232100000,add
420232909000,add
482010900011,add
732393000000,add
821300001019,add
821410000012,add
847290809012,add
850511100000,add
850511900000,add
850519100000,add
850519900000,add
871200300000,add
871200700011,add
871200700019,add
950300101100,add
950300101200,add
950300101911,add
950300101919,add
950300210000,add
950300290000,add
950300300000,add
950300350000,add
950300390000,add
950300410000,add
950300490000,add
950300550000,add
950300610000,add
950300690000,add
950300700000,add
950300750000,add
950300790000,add
950300810000,add
950300850000,add
950300870000,add
950300950000,add
950300990000,add
950490100000,add
950490800000,add
950670300000,add
960810101000,add
960810109000,add
960820001000,add
960910100000,add
960910900000,add
960920000000,add
960990100000,add
960990900000,add
961700000012,add
392690600000,add
392690979018,add
401512000011,add
401512000019,add
401519000011,add
401519000019,add
401590000000,add
420329100011,add
420329100012,add
611610200000,add
611610800000,add
621040000011,add
621040000012,add
621040000019,add
621050000011,add
621050000012,add
621050000019,add
621132100012,add
621133100012,add
630720000000,add
630790930000,add
630790950000,add
630790980019,add
640110000000,add
640291100000,add
640340000013,add
650610109000,add
650610809000,add
701590001012,add
900410100000,add
900410910000,add
900410990000,add
900490100012,add
900490100019,add
900490900012,add
900490900019,add
902000100000,add
902000900000,add
321310000000,add
321390000000,add
321590700019,add
340250100012,add
340250900016,add
340290100012,add
380894100000,add
380894200000,add
380894900011,add
380894900019,add
392610000000,add
392620000012,add
392690979015,add
392690979018,add
401692000000,add
420222100000,add
420222909000,add
420232100000,add
420232901000,add
420232909000,add
420292190000,add
420292989000,add
711711000000,add
711719009011,add
711719009029,add
711790001000,add
711790005000,add
732393000000,add
821300001019,add
821410000012,add
830210000019,add
830242000019,add
830250000000,add
847290809012,add
901320000090,add
910211000000,add
910212000000,add
910219000000,add
910221000000,add
910229000000,add
910299000019,add
911320000019,add
911390001000,add
911390002000,add
911390004000,add
960321000011,add
960321000019,add
960810101000,add
960810109000,add
960810920000,add
960810990000,add
960820001000,add
960820009000,add
960830001000,add
960830009000,add
960910100000,add
960910900000,add
960920000000,add
960990100000,add
960990900000,add
961310000000,add
961320000011,add
961320000019,add
961380000012,add
961380000019,add
961390000011,add
252329000011,add
252329000019,add
252330000011,add
252330000019,add
252390000011,add
252390000019,add
382440000000,add
392111000000,add
450410990019,add
680610000011,add
680610000012,add
680610000019,add
680620900013,add
680690000012,add
680690000019,add
680710000000,add
680790000000,add
680800000000,add
681181000000,add
721499710000,add
721499790011,add
721499790012,add
721499790013,add
721499790014,add
721499951011,add
721499951012,add
721499951019,add
721499959011,add
721499959012,add
721499959019,add
830140110000,add
830140190011,add
830140190019,add
853110300019,add
853110950000,add
853190000000,add
252321000011,add
252321000019,add
721420000011,add
721420000012,add
721420000013,add
721420000014,add
721420000015,add
721420000016,add
721420000019,add
721430000011,add
721430000012,add
721430000013,add
721430000014,add
721430000015,add
721430000016,add
721430000019,add
721491100000,add
721491900000,add
721499100000,add
721499310000,add
721499390011,add
721499390012,add
721499390013,add
721499390014,add
721499500011,add
721499500012,add
721499500019,add
721499710000,add
721499790011,add
721499790012,add
721499790013,add
721499790014,add
721499951011,add
721499951012,add
721499951019,add
721499959011,add
721499959012,add
721499959019,add
722830690000,add
731210610000,add
731420100011,add
830160000011,add
830160000019,add
850610110000,add
850610180000,add
850610910000,add
850610980000,add
850630000000,add
850640000000,add
850650100000,add
850650300000,add
850650900011,add
850650900012,add
850650900019,add
850660000000,add
850680050000,add
850680800000,add
850710200011,add
850710200012,add
850710800011,add
850710800012,add
850720200011,add
850720200019,add
850720800000,add
850730200000,add
850730800000,add
850750000000,add
850760000001,add
850760000005,add
850760000021,add
850760000022,add
850760000023,add
850760000029,add
850760000030,add
850760000040,add
850780000000,add
300212000029,add
300213000000,add
300214000000,add
300215000000,add
300510000000,add
300610100000,add
300610901011,add
300610901013,add
300610901019,add
300640000013,add
330790009011,add
330790009019,add
380894100000,add
380894900011,add
380894900019,add
382100000000,add
382211000000,add
382212000000,add
382213000000,add
382219000011,add
382219000019,add
382290000019,add
392620000012,add
401410000000,add
401512000011,add
401512000019,add
401519000011,add
401519000019,add
401590000000,add
842129800011,add
854370900019,add
871310000000,add
871390000000,add
900130000000,add
901813000000,add
901819900019,add
901831100000,add
901831900000,add
901832100000,add
901839000023,add
901839000029,add
901890100011,add
901890100012,add
901890300011,add
901890300013,add
901890500012,add
901890500013,add
901890840012,add
901890840015,add
901890840018,add
901890840019,add
901910100011,add
901910900019,add
901920100000,add
901920200000,add
901920900000,add
902121900000,add
902129000000,add
902131000000,add
902139900012,add
902139900013,add
902150000011,add
902212000000,add
902213000000,add
902214000000,add
902221000000,add
902229000000,add
902781000000,add
902789900000,add
392220000011,add
392321000001,add
392321000009,add
392329100001,add
392329100009,add
392329900011,add
392330100019,add
392410000021,add
392410000022,add
392410000029,add
392410000031,add
392410000032,add
392410000039,add
392490000011,add
392490000019,add
392690979016,add
392690979017,add
392690979018,add
401490000012,add
401490000019,add
401699970012,add
442199990019,add
630790100011,add
630790100019,add
630790980011,add
630790980019,add
701341100000,add
701341900000,add
701349100000,add
701349910000,add
701349990000,add
701399000000,add
841410819000,add
841410899011,add
841410899019,add
940161000011,add
940169000011,add
940171000011,add
940179000011,add
940180000011,add
950300490000,add
950300950000,add
950300990000,add
961900301000,add
961900309000,add
961900401000,add
961900409000,add
961900501000,add
961900509000,add
961900711000,add
961900719000,add
961900751000,add
961900759000,add
961900791000,add
961900799000,add
961900811000,add
961900819000,add
961900891000,add
961900899000,add
300590500019,add
392690971000,add
420211100012,add
420212190000,add
420219100000,add
420219901000,add
420219909000,add
420221000000,add
420222100000,add
420222901000,add
420222909000,add
420229000000,add
420231000000,add
420239001000,add
420239004000,add
420239009000,add
420291800000,add
420292150000,add
420299001000,add
420299002000,add
420299004000,add
420299009000,add
420310000023,add
420321000011,add
420321000012,add
420329900000,add
420330000011,add
420330000012,add
420340000011,add
420340000012,add
420500900011,add
420500900012,add
430310900015,add
430390000019,add
430400000012,add
500720310000,add
500720390000,add
500720410000,add
500720590000,add
500720710000,add
500790100000,add
500790500000,add
520911000000,add
521214900000,add
521223900000,add
530720000000,add
531100904900,add
540761509011,add
540810001000,add
540810009019,add
540822909012,add
540822909019,add
540823009019,add
560290000000,add
560790909000,add
570239000011,add
570292900000,add
570299000011,add
570299000012,add
570500300000,add
580410909000,add
580890009000,add
581010900000,add
581091900000,add
581092100000,add
581092900000,add
581100009900,add
590500903900,add
590700000000,add
600410000013,add
600410000018,add
600537000001,add
600537000009,add
610230100000,add
610322000000,add
610332000000,add
610342000000,add
610422000000,add
610441000000,add
610442000000,add
610443000019,add
610444000019,add
610452000000,add
610453000000,add
610459000011,add
610459000013,add
610462000000,add
610520100000,add
610610000000,add
610620000000,add
610721000000,add
610831000000,add
610832000000,add
610891000000,add
610990200012,add
610990900000,add
611020910000,add
611030100000,add
611030910000,add
611030990000,add
611090900000,add
611130900000,add
611300900000,add
611521000000,add
611530190000,add
611691000000,add
611693000000,add
611699000000,add
611710000000,add
611780101900,add
620130100014,add
620130900019,add
620140900013,add
620130100019,add
620230900019,add
620240100019,add
620332900000,add
620333900000,add
620341100000,add
620342350000,add
620342900000,add
620343190000,add
620349900000,add
620413000000,add
620433900000,add
620439900000,add
620442000018,add
620443000019,add
620444000019,add
620449100019,add
620449900000,add
620452000018,add
620453000000,add
620459100000,add
620459900000,add
620462390000,add
620462900000,add
620463900000,add
620630000018,add
620630000028,add
620640000000,add
620690900011,add
620821000011,add
620891000000,add
620920000019,add
620990900019,add
621020000000,add
621142900000,add
621143900000,add
621210100000,add
621210900000,add
621290000019,add
621410000000,add
621420000000,add
621430000000,add
621440000000,add
621490000000,add
621600000000,add
621710000011,add
621710000019,add
621790001900,add
621790009000,add
630221000011,add
630221000019,add
630231000000,add
630232900000,add
630239200000,add
630239900000,add
630240000000,add
630251000000,add
630253900000,add
630291000000,add
630299900019,add
630419909019,add
630491000019,add
630492009019,add
630499000019,add
630790910000,add
630790100019,add
640110000000,add
640192100000,add
640192900000,add
640199000000,add
640212100000,add
640212900000,add
640219000000,add
640220000000,add
640291100000,add
640291900000,add
640299050000,add
640299100000,add
640299310000,add
640299390000,add
640299500000,add
640299910000,add
640299930000,add
640299960000,add
640299980000,add
640312000000,add
640319000000,add
640320000000,add
640340000011,add
640340000012,add
640340000013,add
640351050000,add
640351110000,add
640351150000,add
640351190000,add
640351910000,add
640351950000,add
640351990000,add
640359050000,add
640359110000,add
640359310000,add
640359350000,add
640359390000,add
640359500011,add
640359500012,add
640359500013,add
640359910000,add
640359950000,add
640359990000,add
640391050000,add
640391110000,add
640391130000,add
640391160000,add
640391180000,add
640391910000,add
640391930000,add
640391960000,add
640391980000,add
640399050000,add
640399110000,add
640399310000,add
640399330000,add
640399360000,add
640399380000,add
640399500000,add
640399910000,add
640399930000,add
640399960000,add
640399980000,add
640411000000,add
640419100000,add
640419900000,add
640420100000,add
640420900000,add
640510000000,add
640520100000,add
640520910000,add
640520990000,add
640590100000,add
640590900000,add
640610100000,add
640610901000,add
640610909000,add
640620100011,add
640620100012,add
640620900011,add
640620900012,add
640690300000,add
640690501011,add
640690501019,add
640690503011,add
640690503019,add
640690509011,add
640690509019,add
640690600000,add
640690901000,add
640690903000,add
640690909000,add
650400000000,add
650500901000,add
650500909000,add
670419000000,add
940429900000,add
940490900000,add
841340000000,add
842641009000,add
842649000000,add
842920000011,add
842930000000,add
842940100011,add
842940100019,add
842940300000,add
842951101011,add
842951109011,add
842951991011,add
842952100000,add
842952900011,add
842959001011,add
843041000000,add
870310110000,add
401110009011,add
401110009012,add
401110009013,add
401110009018,add
401120100011,add
401120100012,add
401120100019,add
401120900011,add
401120900012,add
401120900019,add
401140000000,add
401170000000,add
650610109000,add
650610809000,add
700711100012,add
700711100019,add
700711100029,add
851220000012,add
851711000000,add
851713000011,add
851713000019,add
851718000019,add
851761001000,add
851762009000,add
851769300000,add
851769909015,add
851769909017,add
851769909024,add
851769909025,add
851769909029,add
851830009000,add
852550000011,add
852550000012,add
852550000013,add
852550000019,add
852560000015,add
852560000017,add
852560000029,add
852610000012,add
852610000019,add
852691200000,add
852691800011,add
852691800019,add
852692002000,add
360200000019,add
360410000000,add
360490000011,add
360490000012,add
360490000013,add
360490000019,add
630110000000,add
731100111000,add
731100119000,add
731100131000,add
731100139000,add
731100191000,add
731100199000,add
731100300000,add
731100911000,add
731100919000,add
731100991000,add
731100999000,add
732111100011,add
732111100012,add
732111900011,add
732111900012,add
732393000000,add
761510800000,add
840220000000,add
840310100000,add
840310900000,add
840390100000,add
840390900000,add
841370219000,add
841370299000,add
841370309000,add
841370459000,add
841370519000,add
841370599000,add
841370659000,add
841370759000,add
841370819000,add
841370899000,add
841381000000,add
841440100011,add
841440100012,add
841440100019,add
841440900011,add
841440900012,add
841440900019,add
841451009000,add
841459259000,add
841459359000,add
841459959000,add
841460000000,add
841480119000,add
841480199000,add
841480229011,add
841480229019,add
841480289000,add
841480519000,add
841480599000,add
841480739000,add
841480759000,add
841480789000,add
841510100000,add
841510900011,add
841510900019,add
841581009000,add
841582009000,add
841583009000,add
841590009002,add
841590009009,add
841590009012,add
841810200000,add
841810800000,add
841821100000,add
841821510000,add
841821590000,add
841821910000,add
841821990000,add
841829000019,add
841830200000,add
841830800000,add
841840200000,add
841840800000,add
841850110000,add
841850190000,add
841850900000,add
841861000000,add
841869009912,add
841911000000,add
841919000011,add
841939000000,add
841940000011,add
841981200011,add
841990859012,add
842111000000,add
842112000011,add
842112000019,add
842121000000,add
842139259000,add
842211000000,add
842219000000,add
842220000000,add
842230000000,add
842240000011,add
842240000019,add
842310900011,add
842320100000,add
842330101000,add
842330109000,add
842330909000,add
842381250000,add
842381290000,add
842382200000,add
842389201000,add
842389209000,add
842410000000,add
842441001000,add
842441009000,add
842449100000,add
842449900000,add
842482900000,add
842511000000,add
842519000000,add
842539000010,add
842541000000,add
842542000000,add
842549000000,add
842710100000,add
842710900000,add
842720110000,add
842720190000,add
842720900000,add
842870000000,add
843050000000,add
843131000019,add
843229900011,add
843229900019,add
843239900011,add
843239900012,add
843239900013,add
843239900014,add
843241000000,add
843242000000,add
843280000011,add
843280000012,add
843280000019,add
843311100000,add
843311510000,add
843311590000,add
843311900000,add
843319100000,add
843319510000,add
843319590000,add
843319700000,add
843319900000,add
843320100000,add
843320500000,add
843320900000,add
843330000000,add
843340000000,add
843351000011,add
843351000019,add
843351000021,add
843351000029,add
843352000012,add
843352000018,add
843353100013,add
843353100019,add
843353300013,add
843353300019,add
843353900013,add
843353900018,add
843353900019,add
843359110000,add
843359190000,add
843359850011,add
843359850019,add
843359850021,add
843359850029,add
843359850039,add
843810100000,add
843810900000,add
844180000013,add
844180000019,add
844332101011,add
844332101019,add
844332109011,add
844332109012,add
844332109013,add
844332109019,add
844332800000,add
844339000000,add
844711000012,add
844712000012,add
844720200012,add
844720200014,add
844790000012,add
844900001000,add
845011110000,add
845011190000,add
845011900000,add
845012000000,add
845019000011,add
845019000019,add
845020000000,add
845110000000,add
845121000011,add
845121000019,add
845129000000,add
845130000000,add
845140000011,add
845140000012,add
845140000013,add
845150000011,add
845150000012,add
845150000019,add
845210110000,add
845210190000,add
845210900011,add
845210900012,add
845221000000,add
845310000000,add
845320000000,add
845380000000,add
845510000000,add
845521000011,add
845521000012,add
845521000019,add
845522000000,add
845611100000,add
845611900000,add
845710100011,add
845710100012,add
845710900011,add
845710900012,add
845710900013,add
845710900014,add
845710900015,add
845720000000,add
845730100000,add
845811200011,add
845811200012,add
845811410011,add
845811410012,add
845811410013,add
845811410019,add
845811490000,add
845811800000,add
845819000000,add
845891200000,add
845891800000,add
845899000000,add
845910000000,add
845921000000,add
845929000000,add
845931000000,add
845939000000,add
845941000000,add
845949000000,add
845951000000,add
845961100000,add
845961900000,add
845969100000,add
845969900000,add
845970000000,add
846012000000,add
846019000000,add
846022000000,add
846023000000,add
846024000000,add
846029100000,add
846029900000,add
846031000000,add
846039000000,add
846040100011,add
846040100012,add
846040900011,add
846040900012,add
846090000011,add
846090000019,add
846150110000,add
846150190000,add
846150900000,add
846190000000,add
846222100000,add
846222900000,add
846223000000,add
846224000000,add
846225000000,add
846226000000,add
846229000000,add
846232100000,add
846232900000,add
846233000000,add
846239000000,add
846242000011,add
846242000019,add
846249000011,add
846249000019,add
846251000000,add
846259000000,add
846261101000,add
846261109000,add
846261901000,add
846261909000,add
846262100000,add
846262900000,add
846263100000,add
846263900000,add
846269101000,add
846269109000,add
846269901000,add
846269909000,add
846290100000,add
846290900011,add
846290900019,add
846310100000,add
846310900000,add
846320000011,add
846320000019,add
846330000000,add
846390000000,add
846410000000,add
846420110000,add
846420190000,add
846420800000,add
846490000000,add
846510100000,add
846510900000,add
846520000000,add
846591100000,add
846591200000,add
846591900000,add
846592000011,add
846592000012,add
846592000013,add
846593000011,add
846593000012,add
846593000013,add
846594000000,add
846595000000,add
846596000000,add
846599000011,add
846599000019,add
846711100000,add
846711900011,add
846711900019,add
846719000000,add
846721100000,add
846721910000,add
846721990000,add
846722100000,add
846722300000,add
846722900000,add
846729200000,add
846729510000,add
846729530000,add
846729590000,add
846729700000,add
846729800000,add
846729850000,add
846781000000,add
846789001100,add
846789001900,add
846789009000,add
847290809019,add
847410001000,add
847420001000,add
847420009000,add
847431000000,add
847432000000,add
847439000000,add
847621000000,add
847629000000,add
847681000000,add
847710000000,add
847720000000,add
847730000000,add
847740000011,add
847740000019,add
847751000011,add
847751000012,add
847751000013,add
847751000014,add
847759100000,add
847759800000,add
847780110000,add
847780190000,add
847780910000,add
847780930000,add
847780950000,add
847780990000,add
847810000011,add
847810000012,add
847810000019,add
847950000000,add
847989979013,add
848510000000,add
848520000000,add
848530100000,add
850131009011,add
850131009012,add
850132009000,add
850133003100,add
850133004100,add
850133004200,add
850133004300,add
850140202100,add
850140202900,add
850140801100,add
850140801200,add
850140801300,add
850151009000,add
850152209011,add
850152209019,add
850152309000,add
850152909000,add
850153500000,add
850153819000,add
850153940000,add
850153990000,add
850161209000,add
850161809000,add
850162009100,add
850171000000,add
850172000000,add
850180000000,add
850410209000,add
850410809000,add
850431210000,add
850431290000,add
850432008000,add
850433000000,add
850434000000,add
850440609011,add
850440609019,add
850440839011,add
850440839012,add
850440839019,add
850440859000,add
850440869011,add
850440869012,add
850440959011,add
850440959012,add
850440959019,add
850760000040,add
850811000011,add
850811000019,add
850819000000,add
850860000000,add
850940000011,add
850940000012,add
850940000013,add
850940000014,add
850940000015,add
850940000019,add
850940000016,add
850980000000,add
851010000000,add
851020000011,add
851030000000,add
851310001000,add
851310009000,add
851511000000,add
851531000000,add
851539130000,add
851539180000,add
851539900000,add
851580101000,add
851580102000,add
851580108000,add
851580901000,add
851580909000,add
851610110000,add
851610800011,add
851610800012,add
851610800019,add
851621000000,add
851629100000,add
851629500000,add
851629910011,add
851629910019,add
851629990012,add
851629990013,add
851629990019,add
851631000019,add
851632000011,add
851632000012,add
851632000019,add
851633000000,add
851640000011,add
851640000019,add
851650000000,add
851660100000,add
851660500000,add
851660700000,add
851660800000,add
851660900011,add
851660900019,add
851671000011,add
851671000012,add
851671000019,add
851672000000,add
851679200000,add
851679700000,add
851840000000,add
851850000000,add
851981000000,add
852190000000,add
852581000000,add
852582000000,add
852583000000,add
852589000000,add
852852910000,add
852852990000,add
852859000000,add
852869200000,add
852869800000,add
852872200000,add
852872300000,add
852872400000,add
852872600000,add
852872800000,add
852873000000,add
853080000012,add
853080000019,add
853110300011,add
853610100012,add
853610100013,add
853610100014,add
853610100015,add
853610500012,add
853610500013,add
853610500014,add
853610500015,add
853610900012,add
853610900013,add
853610900014,add
853610900015,add
853620100011,add
853620900011,add
853630100000,add
853630300000,add
853630900000,add
853650030000,add
853650070000,add
853650150011,add
853650150012,add
853650800011,add
853650800013,add
853650800015,add
853650800016,add
853661100000,add
853661900000,add
853669900018,add
853690010000,add
853710100000,add
853710910000,add
853921920000,add
853921980000,add
853922100000,add
853922900011,add
853922900012,add
853922900013,add
853922900014,add
853922900019,add
853929920000,add
853929980000,add
853931100011,add
853931100012,add
853931100013,add
853931100014,add
853931900011,add
853931900019,add
853932200000,add
853932900000,add
853939200000,add
853939800000,add
853941000000,add
853949000000,add
853951000000,add
853952000000,add
854142000000,add
854143000000,add
854449931919,add
854449950000,add
890311000000,add
890312000000,add
890319000000,add
900710000000,add
900720000000,add
900850000000,add
901910900011,add
901910900012,add
901910900013,add
902410801000,add
902480001000,add
902810000000,add
902820000000,add
902830190011,add
902910002000,add
902920901000,add
903110001000,add
903120001000,add
903220009011,add
910700000011,add
940511400000,add
940511500011,add
940511500019,add
940511900000,add
940519400000,add
940519500011,add
940519500019,add
940519900000,add
940521400000,add
940521500000,add
940521900000,add
940529400000,add
940529500000,add
940529900000,add
940531000000,add
940539000000,add
940541100000,add
940541310000,add
940541390000,add
940542100000,add
940542310000,add
940542390000,add
940549100000,add
940549400000,add
940549900000,add
940550000000,add
940561200000,add
940561800000,add
940569200000,add
940569800000,add
392620000012,add
392620000019,add
500100000000,add
500200000000,add
500300000018,add
500300000029,add
500400100011,add
500400100019,add
500400900011,add
500400900019,add
500500100011,add
500500100019,add
500500900011,add
500500900019,add
500600100011,add
500600100019,add
500600901000,add
500600909011,add
500600909012,add
500710000011,add
500710000019,add
500720110000,add
500720190000,add
500720210000,add
500720310000,add
500720390000,add
500720410000,add
500720510000,add
500720590000,add
500720600000,add
500720610000,add
500720690000,add
500720710000,add
500790100000,add
500790300000,add
500790500000,add
500790900000,add
510111001000,add
510111002000,add
510111009000,add
510119001000,add
510119002000,add
510119009000,add
510121001000,add
510121009000,add
510129001000,add
510129009000,add
510130000000,add
510211000000,add
510219100000,add
510219300000,add
510219400000,add
510219900000,add
510220001000,add
510220009011,add
510220009019,add
510310100000,add
510310900000,add
510320000010,add
510320000021,add
510320000022,add
510330000000,add
510400000011,add
510400000019,add
510510000011,add
510510000019,add
510521000000,add
510529000000,add
510531000000,add
510539000011,add
510539000019,add
510540000000,add
510610100000,add
510610900000,add
510620100000,add
510620910000,add
510620990000,add
510710100000,add
510710900000,add
510720100000,add
510720300000,add
510720510000,add
510720590000,add
510720910000,add
510720990000,add
510810100011,add
510810100019,add
510810900011,add
510810900019,add
510820100011,add
510820100019,add
510820900011,add
510820900019,add
510910100011,add
510910100012,add
510910900011,add
510910900012,add
510990000000,add
511000001000,add
511000009000,add
511111000000,add
511119000000,add
511120000000,add
511130100000,add
511130800000,add
511190100000,add
511190910000,add
511190980000,add
511211000000,add
511219000000,add
511220000000,add
511230100000,add
511230800000,add
511290100000,add
511290910000,add
511290980000,add
511300001000,add
511300009011,add
511300009012,add
511300009019,add
520100100000,add
520100900011,add
520100900019,add
520210000011,add
520210000019,add
520291000011,add
520291000013,add
520291000019,add
520299000011,add
520299000012,add
520299000013,add
520299000018,add
520300000000,add
520411000000,add
520419000000,add
520420000011,add
520420000012,add
520511000000,add
520512000000,add
520513000000,add
520514000000,add
520515100000,add
520515900000,add
520521000000,add
520522000000,add
520523000000,add
520524000000,add
520526000000,add
520527000000,add
520528000000,add
520531001000,add
520531002000,add
520531009000,add
520532001000,add
520532002000,add
520532009000,add
520533001000,add
520533002000,add
520533009000,add
520534001000,add
520534002000,add
520534009000,add
520535001000,add
520535002000,add
520535009000,add
520541001000,add
520541002000,add
520541009000,add
520542001000,add
520542002000,add
520542009000,add
520543001000,add
520543002000,add
520543009000,add
520544001000,add
520544002000,add
520544009000,add
520546001000,add
520546002000,add
520546009000,add
520547001000,add
520547002000,add
520547009000,add
520548001000,add
520548002000,add
520548009000,add
520611000000,add
520612000000,add
520613000000,add
520614000000,add
520615000000,add
520621000000,add
520622000000,add
520623000000,add
520624000000,add
520625000000,add
520631001000,add
520631002000,add
520631009000,add
520632001000,add
520632002000,add
520632009000,add
520633001000,add
520633002000,add
520633009000,add
520634001000,add
520634002000,add
520634009000,add
520635001000,add
520635002000,add
520635009000,add
520641001000,add
520641002000,add
520641009000,add
520642001000,add
520642002000,add
520642009000,add
520643001000,add
520643002000,add
520643009000,add
520644001000,add
520644002000,add
520644009000,add
520645001000,add
520645002000,add
520645009000,add
520710000000,add
520790000000,add
520811100000,add
520811900000,add
520812160000,add
520812190000,add
520812960000,add
520812990000,add
520813000000,add
520819000000,add
520821100000,add
520821900000,add
520822160000,add
520822190000,add
520822960000,add
520822990000,add
520823000000,add
520829000000,add
520831000000,add
520832160000,add
520832190000,add
520832960000,add
520832990000,add
520833000000,add
520839000000,add
520841000000,add
520842000000,add
520843000000,add
520849000000,add
520851000000,add
520852000000,add
520859100000,add
520859900000,add
520911000000,add
520912000000,add
520919000000,add
520921000000,add
520922000000,add
520929000000,add
520931000000,add
520932000000,add
520939000000,add
520941000000,add
520942000000,add
520943000000,add
520949000000,add
520951000000,add
520952000000,add
520959000000,add
521011000000,add
521019000000,add
521021000000,add
521029000000,add
521031000000,add
521032000000,add
521039000000,add
521041000000,add
521049000000,add
521051000000,add
521059000000,add
521111000000,add
521112000000,add
521119000000,add
521120000000,add
521131000000,add
521132000000,add
521139000000,add
521141000000,add
521142000000,add
521143000000,add
521149100000,add
521149900000,add
521151000000,add
521152000000,add
521159000000,add
521211100000,add
521211900000,add
521212100000,add
521212900000,add
521213100000,add
521213900000,add
521214100000,add
521214900000,add
521215100000,add
521215900000,add
521221100000,add
521221900000,add
521222100000,add
521222900000,add
521223100000,add
521223900000,add
521224100000,add
521224900000,add
521225100000,add
521225900000,add
530110000000,add
530121000000,add
530129000000,add
530130000011,add
530130000021,add
530130000029,add
530210000000,add
530290000011,add
530290000019,add
530310000000,add
530390000011,add
530390000019,add
530500001011,add
530500001019,add
530500002011,add
530500002019,add
530500003011,add
530500003019,add
530500009111,add
530500009119,add
530500009911,add
530500009919,add
530610100000,add
530610300000,add
530610500000,add
530610900000,add
530620100000,add
530620900000,add
530710000000,add
530720000000,add
530810000000,add
530820100000,add
530820900000,add
530890120000,add
530890190000,add
530890500000,add
530890900000,add
530911100000,add
530911900000,add
530919000000,add
530921000000,add
530929000000,add
531010100000,add
531010900000,add
531090000000,add
531100100000,add
531100901000,add
531100902100,add
531100902900,add
531100903100,add
531100903900,add
531100904100,add
531100904900,add
531100905900,add
540110120000,add
540110121000,add
540110122000,add
540110140000,add
540110141000,add
540110142000,add
540110160000,add
540110161000,add
540110162000,add
540110180000,add
540110181000,add
540110182000,add
540110900000,add
540120100000,add
540120101011,add
540120101012,add
540120101013,add
540120101019,add
540120102011,add
540120102012,add
540120102013,add
540120102019,add
540120900000,add
540211000000,add
540211001000,add
540211002100,add
540211002900,add
540219000000,add
540219001000,add
540219002100,add
540219002911,add
540219002912,add
540220002100,add
540220002912,add
540231000000,add
540231001000,add
540231002000,add
540232000000,add
540233000000,add
540233001000,add
540233002000,add
540234000000,add
540234001000,add
540234002000,add
540239000000,add
540239001011,add
540239001012,add
540239001019,add
540239002011,add
540239002012,add
540239002019,add
540245000000,add
540245001000,add
540245002000,add
540246000000,add
540246001000,add
540246002000,add
540247000000,add
540247001000,add
540247002000,add
540248000000,add
540248001000,add
540248002000,add
540249000000,add
540249001011,add
540249001012,add
540249001013,add
540249001014,add
540249001015,add
540249001016,add
540249001017,add
540249001019,add
540249002011,add
540249002012,add
540249002013,add
540249002014,add
540249002015,add
540249002016,add
540249002017,add
540249002019,add
540251000000,add
540251001000,add
540251002000,add
540252000000,add
540252001000,add
540252002000,add
540253000000,add
540253001000,add
540253002000,add
540259000000,add
540259001011,add
540259001012,add
540259001019,add
540259002011,add
540259002012,add
540259002019,add
540261000000,add
540261001000,add
540261002000,add
540262000000,add
540262001000,add
540262002000,add
540263000000,add
540263001000,add
540263002000,add
540269000000,add
540269001011,add
540269001012,add
540269001019,add
540269002011,add
540269002012,add
540269002019,add
540310000000,add
540310001000,add
540310002011,add
540310002012,add
540331000000,add
540331001011,add
540331001019,add
540331001029,add
540331002011,add
540331002019,add
540331002029,add
540332000000,add
540332001011,add
540332001019,add
540332001029,add
540332002011,add
540332002019,add
540332002029,add
540333000000,add
540333001011,add
540333001019,add
540333001029,add
540333002011,add
540333002019,add
540333002029,add
540339000000,add
540339001011,add
540339001019,add
540339001029,add
540339002011,add
540339002019,add
540339002029,add
540341000000,add
540341001011,add
540341001019,add
540341001029,add
540341002011,add
540341002019,add
540341002029,add
540342000000,add
540342001011,add
540342001019,add
540342001029,add
540342002011,add
540342002019,add
540342002029,add
540349000000,add
540349001011,add
540349001019,add
540349001021,add
540349001029,add
540349002011,add
540349002019,add
540349002021,add
540349002029,add
540490100000,add
540490900000,add
540500000011,add
540500000019,add
540600000000,add
540600001000,add
540600009000,add
540710001000,add
540710009011,add
540710009012,add
540710009019,add
540720110000,add
540720111000,add
540720119000,add
540720190000,add
540720191000,add
540720199000,add
540720900000,add
540720901000,add
540720909000,add
540730000000,add
540730001000,add
540730009000,add
540741001000,add
540741009011,add
540741009012,add
540741009013,add
540741009019,add
540742001000,add
540742009011,add
540742009012,add
540742009013,add
540742009019,add
540743001000,add
540743009011,add
540743009012,add
540743009013,add
540743009019,add
540744001000,add
540744009011,add
540744009012,add
540744009019,add
540751001000,add
540751009011,add
540751009012,add
540751009013,add
540751009019,add
540752001000,add
540752009011,add
540752009012,add
540752009013,add
540752009019,add
540753001000,add
540753009011,add
540753009012,add
540753009013,add
540753009019,add
540754001000,add
540754009011,add
540754009012,add
540754009019,add
540761101000,add
540761109011,add
540761109012,add
540761109013,add
540761109014,add
540761301000,add
540761309011,add
540761309012,add
540761309013,add
540761309019,add
540761501000,add
540761509011,add
540761509012,add
540761509013,add
540761509014,add
540761509019,add
540761901000,add
540761909011,add
540761909012,add
540761909019,add
540769101000,add
540769109011,add
540769109012,add
540769109013,add
540769109014,add
540769109019,add
540769901000,add
540769909011,add
540769909012,add
540769909019,add
540771001000,add
540771009011,add
540771009012,add
540771009013,add
540771009014,add
540771009019,add
540772001000,add
540772009011,add
540772009012,add
540772009013,add
540772009019,add
540773001000,add
540773009011,add
540773009012,add
540773009013,add
540773009019,add
540774001000,add
540774009011,add
540774009012,add
540774009019,add
540781001000,add
540781009011,add
540781009012,add
540781009013,add
540781009019,add
540782001000,add
540782009011,add
540782009012,add
540782009013,add
540782009019,add
540783001000,add
540783009011,add
540783009012,add
540783009013,add
540783009019,add
540784001000,add
540784009011,add
540784009012,add
540784009019,add
540791001000,add
540791009011,add
540791009012,add
540791009013,add
540791009019,add
540792001000,add
540792009011,add
540792009012,add
540792009013,add
540792009019,add
540793001000,add
540793009011,add
540793009012,add
540793009013,add
540793009019,add
540794001000,add
540794009011,add
540794009012,add
540794009019,add
540810001000,add
540810009011,add
540810009012,add
540810009019,add
540821001000,add
540821009011,add
540821009012,add
540821009013,add
540821009019,add
540822101000,add
540822109011,add
540822109012,add
540822109013,add
540822109019,add
540822901000,add
540822909011,add
540822909012,add
540822909013,add
540822909019,add
540823001000,add
540823009011,add
540823009012,add
540823009013,add
540823009019,add
540824001000,add
540824009011,add
540824009012,add
540824009019,add
540831001000,add
540831009011,add
540831009012,add
540831009013,add
540831009019,add
540832001000,add
540832009011,add
540832009012,add
540832009013,add
540832009019,add
540833001000,add
540833009011,add
540833009012,add
540833009013,add
540833009019,add
540834001000,add
540834009011,add
540834009012,add
540834009019,add
550111000000,add
550119000000,add
550120000000,add
550130000000,add
550140000000,add
550190000000,add
550210000000,add
550290000000,add
550311000000,add
550319000000,add
550340000011,add
550340000019,add
550390000000,add
550490000011,add
550490000012,add
550490000019,add
550510100011,add
550510100019,add
550510300011,add
550510300019,add
550510700011,add
550510700019,add
550510900011,add
550510900019,add
550520000011,add
550520000018,add
550610000000,add
550620000000,add
550630000000,add
550640000000,add
550690000000,add
550700000011,add
550700000012,add
550700000019,add
550810100011,add
550810100012,add
550810100019,add
550810900000,add
550820100000,add
550820900000,add
550911000000,add
550912000000,add
550921000000,add
550922000000,add
550931000000,add
550932000000,add
550941000000,add
550942000000,add
550951000000,add
550952000000,add
550953000000,add
550959000000,add
550961000000,add
550962000000,add
550969000000,add
550991000000,add
550992000000,add
550999000000,add
551011000000,add
551012000000,add
551020000000,add
551030000000,add
551090000000,add
551110000000,add
551120000000,add
551130000000,add
551211000000,add
551219100000,add
551219900000,add
551221000000,add
551229100000,add
551229900000,add
551291000000,add
551299100000,add
551299900000,add
551311200000,add
551311900000,add
551312000000,add
551313000000,add
551319000000,add
551321000000,add
551323100000,add
551323900000,add
551329000000,add
551331000000,add
551339000000,add
551341000000,add
551349000000,add
551411000000,add
551412000000,add
551419100000,add
551419900000,add
551421000000,add
551422000000,add
551423000000,add
551429000000,add
551430100000,add
551430300000,add
551430500000,add
551430900000,add
551441000000,add
551442000000,add
551443000000,add
551449000000,add
551511100000,add
551511300000,add
551511900000,add
551512100000,add
551512300000,add
551512900000,add
551513110000,add
551513190000,add
551513910000,add
551513990000,add
551519100000,add
551519300000,add
551519900000,add
551521100000,add
551521300000,add
551521900000,add
551522110000,add
551522190000,add
551522910000,add
551522990000,add
551529000000,add
551591100000,add
551591300000,add
551591900000,add
551599200000,add
551599400000,add
551599800000,add
551611000000,add
551612000000,add
551613000000,add
551614000000,add
551621000000,add
551622000000,add
551623100000,add
551623900000,add
551624000000,add
551631000000,add
551632000000,add
551633000000,add
551634000000,add
551641000000,add
551642000000,add
551643000000,add
551644000000,add
551691000000,add
551692000000,add
551693000000,add
551694000000,add
560121100000,add
560121900019,add
560122100019,add
560122900011,add
560122900019,add
560129000000,add
560130000011,add
560130000019,add
560210110000,add
560210310000,add
560210380000,add
560221000000,add
560229000011,add
560229000019,add
560290000000,add
560410000000,add
560490101100,add
560490101200,add
560490102100,add
560490102200,add
560490901000,add
560490902000,add
560490903000,add
560490909011,add
560490909012,add
560490909013,add
560490909014,add
560490909019,add
560500001000,add
560500002000,add
560500009000,add
560600100000,add
560600910011,add
560600910019,add
560600990000,add
560721000011,add
560721000019,add
560729000000,add
560741000000,add
560749110000,add
560749190000,add
560749900000,add
560750110000,add
560750190000,add
560750300000,add
560750900000,add
560790201000,add
560790209000,add
560790901000,add
560790909000,add
560811200000,add
560819110000,add
560819190000,add
560819300000,add
560819900000,add
560890000000,add
560900000000,add
570110100012,add
570110100013,add
570110100019,add
570110900011,add
570110900012,add
570110900013,add
570110900014,add
570110900090,add
570190100012,add
570190100013,add
570190100019,add
570190100021,add
570190100029,add
570190100031,add
570190100039,add
570190100041,add
570190100049,add
570190901011,add
570190901019,add
570190909011,add
570190909019,add
570190909021,add
570190909029,add
570210001000,add
570210009011,add
570210009019,add
570220000000,add
570231100000,add
570231800000,add
570232000000,add
570239000011,add
570239000091,add
570239000092,add
570239000099,add
570241100000,add
570241900000,add
570242000000,add
570249001011,add
570249001012,add
570249009011,add
570249009012,add
570249009019,add
570250100000,add
570250310000,add
570250390000,add
570250900000,add
570291000000,add
570292100000,add
570292900000,add
570299000011,add
570299000012,add
570299000013,add
570299000019,add
570310000000,add
570321000000,add
570329100000,add
570329190000,add
570329910000,add
570329990000,add
570331000000,add
570339100000,add
570339190000,add
570339910000,add
570339990000,add
570390200000,add
570390800000,add
570410000000,add
570420000000,add
570490000011,add
570490000019,add
570500300000,add
570500800000,add
580110000000,add
580121001000,add
580121002000,add
580122000000,add
580123000000,add
580126000000,add
580127000000,add
580131000000,add
580132000000,add
580133000000,add
580136000000,add
580137000000,add
580190100000,add
580190900011,add
580190900012,add
580190900019,add
580210000000,add
580220000000,add
580230000000,add
580300100000,add
580300300000,add
580300901000,add
580300902000,add
580300903000,add
580300904000,add
580300905000,add
580300909000,add
580410100000,add
580410901000,add
580410909000,add
580421001000,add
580421009000,add
580429001000,add
580429009011,add
580429009019,add
580430001011,add
580430001012,add
580430009011,add
580430009019,add
580500000000,add
580610000011,add
580610000012,add
580610000019,add
580620001000,add
580620009000,add
580631000000,add
580632100011,add
580632100019,add
580632900011,add
580632900019,add
580639000011,add
580639000019,add
580640000011,add
580640000019,add
580710100000,add
580710900000,add
580790101000,add
580790102000,add
580790900000,add
580810001000,add
580810009000,add
580890001000,add
580890009000,add
580900000000,add
581010100000,add
581010900000,add
581091100000,add
581091900000,add
581092100000,add
581092900000,add
581099100000,add
581099900000,add
581100000100,add
581100000500,add
581100000700,add
581100000900,add
581100001900,add
581100002100,add
581100002900,add
581100003000,add
581100004000,add
581100009100,add
581100009200,add
581100009300,add
581100009500,add
581100009600,add
581100009900,add
590110000000,add
590190001000,add
590190009000,add
590310101000,add
590310109000,add
590310901000,add
590310909000,add
590320101000,add
590320109000,add
590320901000,add
590320909000,add
590390101000,add
590390109000,add
590390911000,add
590390991000,add
590410000000,add
590490000000,add
590500100000,add
590500300000,add
590500500000,add
590500700011,add
590500700012,add
590500700013,add
590500700014,add
590500700015,add
590500700019,add
590500901011,add
590500901012,add
590500902000,add
590500903100,add
590500903900,add
590500904000,add
590500905000,add
590610000000,add
590691000000,add
590699100000,add
590699900000,add
590700000000,add
590800001000,add
590800009000,add
590900100019,add
590900901011,add
590900901019,add
590900909011,add
590900909012,add
590900909013,add
590900909019,add
591000000000,add
600110000001,add
600110000002,add
600110000003,add
600110000004,add
600110000011,add
600110000012,add
600110000013,add
600110000018,add
600110000019,add
600110000021,add
600110000029,add
600110000031,add
600110000039,add
600121000000,add
600121000001,add
600121000009,add
600122000000,add
600122000001,add
600122000009,add
600129000011,add
600129000012,add
600129000019,add
600129000091,add
600129000092,add
600129000093,add
600129000094,add
600129000096,add
600129000097,add
600129000098,add
600129000099,add
600191000000,add
600191000001,add
600191000009,add
600192000000,add
600192000001,add
600192000002,add
600192000003,add
600192000004,add
600192000005,add
600192000009,add
600199000011,add
600199000012,add
600199000019,add
600199000091,add
600199000092,add
600199000093,add
600199000094,add
600199000096,add
600199000097,add
600199000098,add
600199000099,add
600240000011,add
600240000012,add
600240000013,add
600240000014,add
600240000018,add
600240000021,add
600240000029,add
600240000031,add
600240000039,add
600290000000,add
600290000001,add
600290000009,add
600310000000,add
600310000001,add
600310000009,add
600320000000,add
600320000001,add
600320000009,add
600330100000,add
600330100001,add
600330100009,add
600330900000,add
600330900001,add
600330900009,add
600340000000,add
600340000001,add
600340000009,add
600390000011,add
600390000012,add
600390000018,add
600390000019,add
600390000021,add
600390000029,add
600410000011,add
600410000012,add
600410000013,add
600410000018,add
600410000019,add
600410000021,add
600410000029,add
600410000031,add
600410000039,add
600490000000,add
600490000001,add
600490000009,add
600521000000,add
600521000001,add
600521000009,add
600522000000,add
600522000001,add
600522000009,add
600523000000,add
600523000001,add
600523000009,add
600524000000,add
600524000001,add
600524000009,add
600535000000,add
600535000001,add
600535000009,add
600536000000,add
600536000001,add
600536000009,add
600537000000,add
600537000001,add
600537000009,add
600538000000,add
600538000001,add
600538000009,add
600539000000,add
600539000001,add
600539000009,add
600541000000,add
600541000001,add
600541000009,add
600542000000,add
600542000001,add
600542000009,add
600543000000,add
600543000001,add
600543000009,add
600544000000,add
600544000001,add
600544000009,add
600590100000,add
600590100011,add
600590100019,add
600590900000,add
600590900011,add
600590900019,add
600610000000,add
600610000001,add
600610000009,add
600621000000,add
600621000001,add
600621000009,add
600622000000,add
600622000001,add
600622000009,add
600623000000,add
600623000001,add
600623000009,add
600624000000,add
600624000001,add
600624000009,add
600631000000,add
600631000001,add
600631000009,add
600632000000,add
600632000001,add
600632000009,add
600633000000,add
600633000001,add
600633000009,add
600634000000,add
600634000001,add
600634000009,add
600641000000,add
600641000001,add
600641000009,add
600642000000,add
600642000001,add
600642000009,add
600643000000,add
600643000001,add
600643000009,add
600644000000,add
600644000001,add
600644000009,add
600690000000,add
600690000001,add
600690000009,add
610120100000,add
610120900000,add
610130100000,add
610130900000,add
610190200000,add
610190800000,add
610210100000,add
610210900000,add
610220100000,add
610220900000,add
610230100000,add
610230900000,add
610290100000,add
610290900000,add
610310100000,add
610310900000,add
610322000000,add
610323000000,add
610329000011,add
610329000012,add
610329000013,add
610329000018,add
610331000000,add
610332000000,add
610333000000,add
610339000011,add
610339000012,add
610339000013,add
610339000014,add
610341000000,add
610342000000,add
610343000000,add
610349000011,add
610349000091,add
610349000092,add
610349000093,add
610349000094,add
610413000000,add
610419200000,add
610419900012,add
610419900013,add
610419900017,add
610422000000,add
610423000000,add
610429100000,add
610429900011,add
610429900017,add
610431000000,add
610432000000,add
610433000000,add
610439000011,add
610439000012,add
610439000019,add
610441000000,add
610442000000,add
610443000011,add
610443000019,add
610444000011,add
610444000019,add
610449000012,add
610449000018,add
610449000019,add
610451000000,add
610452000000,add
610453000000,add
610459000011,add
610459000012,add
610459000013,add
610459000014,add
610461000000,add
610462000000,add
610463000000,add
610469000011,add
610469000091,add
610469000092,add
610469000093,add
610469000094,add
610510000000,add
610520100000,add
610520900000,add
610590100000,add
610590900000,add
610610000000,add
610620000000,add
610690100000,add
610690300000,add
610690500000,add
610690900000,add
610711000000,add
610712000000,add
610719000000,add
610721000000,add
610722000000,add
610729000000,add
610791000000,add
610799000000,add
610811000000,add
610819000000,add
610821000000,add
610822000000,add
610829000000,add
610831000000,add
610832000000,add
610839000000,add
610891000000,add
610892000000,add
610899000000,add
610910000000,add
610990200011,add
610990200012,add
610990900000,add
611011100000,add
611011300000,add
611011900000,add
611012100000,add
611012900000,add
611019100000,add
611019900000,add
611020100000,add
611020910000,add
611020990000,add
611030100000,add
611030910000,add
611030990000,add
611090100000,add
611090900000,add
611120100000,add
611120900000,add
611130100000,add
611130900000,add
611190110000,add
611190190000,add
611190900000,add
611211000000,add
611212000000,add
611219000011,add
611219000012,add
611219000019,add
611220000011,add
611220000012,add
611220000013,add
611220000019,add
611231100000,add
611231900000,add
611239100011,add
611239100019,add
611239900011,add
611239900019,add
611241100000,add
611241900000,add
611249100011,add
611249100019,add
611249900011,add
611249900019,add
611300100000,add
611300900000,add
611420000000,add
611430000011,add
611430000012,add
611490000000,add
611510100000,add
611510900000,add
611521000000,add
611522000000,add
611529000011,add
611529000012,add
611529000013,add
611529000019,add
611530110000,add
611530190000,add
611530900011,add
611530900019,add
611594000000,add
611595000000,add
611596100000,add
611596910000,add
611596990000,add
611599000000,add
611610200000,add
611610800000,add
611691000000,add
611692000000,add
611693000000,add
611699000000,add
611710000000,add
611780101100,add
611780101900,add
611780800000,add
611790000000,add
620120000000,add
620130100011,add
620130100012,add
620130100013,add
620130100014,add
620130100015,add
620130100016,add
620130100019,add
620130900011,add
620130900012,add
620130900013,add
620130900014,add
620130900015,add
620130900016,add
620130900019,add
620140100011,add
620140100012,add
620140100013,add
620140100014,add
620140100015,add
620140100016,add
620140100019,add
620140900011,add
620140900012,add
620140900013,add
620140900014,add
620140900015,add
620140900016,add
620140900019,add
620190000000,add
620220000000,add
620230100011,add
620230100012,add
620230100013,add
620230100014,add
620230100015,add
620230100016,add
620230100019,add
620230900011,add
620230900012,add
620230900013,add
620230900014,add
620230900015,add
620230900016,add
620230900019,add
620240100011,add
620240100012,add
620240100013,add
620240100014,add
620240100015,add
620240100016,add
620240100019,add
620240900011,add
620240900012,add
620240900013,add
620240900014,add
620240900015,add
620240900016,add
620240900019,add
620290000011,add
620290000012,add
620290000013,add
620290000014,add
620290000015,add
620290000019,add
620311000000,add
620312000000,add
620319100000,add
620319300000,add
620319900000,add
620322100000,add
620322800000,add
620323100000,add
620323800000,add
620329110000,add
620329180000,add
620329300000,add
620329900011,add
620329900019,add
620331000000,add
620332100000,add
620332900000,add
620333100000,add
620333900000,add
620339110000,add
620339190000,add
620339900000,add
620341100000,add
620341300000,add
620341900000,add
620342110000,add
620342310000,add
620342330000,add
620342350000,add
620342510000,add
620342590000,add
620342900000,add
620343110000,add
620343190000,add
620343310000,add
620343390000,add
620343900000,add
620349110000,add
620349190000,add
620349310000,add
620349390000,add
620349500000,add
620349900000,add
620411000000,add
620412000000,add
620413000000,add
620419100000,add
620419900000,add
620421000000,add
620422100000,add
620422800000,add
620423100000,add
620423800000,add
620429110000,add
620429180000,add
620429900000,add
620431000000,add
620432100000,add
620432900012,add
620432900013,add
620432900018,add
620433100000,add
620433900000,add
620439110000,add
620439190000,add
620439900000,add
620441000000,add
620442000012,add
620442000013,add
620442000018,add
620443000011,add
620443000019,add
620444000011,add
620444000019,add
620449100011,add
620449100019,add
620449900000,add
620451000011,add
620451000019,add
620451000021,add
620451000029,add
620452000012,add
620452000013,add
620452000018,add
620452000022,add
620453000000,add
620459100000,add
620459900000,add
620461100000,add
620461850000,add
620462110000,add
620462310000,add
620462330000,add
620462390000,add
620462510000,add
620462590000,add
620462900000,add
620463110000,add
620463180000,add
620463310000,add
620463390000,add
620463900000,add
620469110000,add
620469180000,add
620469310000,add
620469390000,add
620469500000,add
620469900000,add
620520000012,add
620520000013,add
620520000018,add
620530000000,add
620590100000,add
620590800011,add
620590800012,add
620590800018,add
620610000000,add
620620000000,add
620630000012,add
620630000013,add
620630000018,add
620630000022,add
620630000023,add
620630000028,add
620640000000,add
620690100000,add
620690900011,add
620690900012,add
620690900013,add
620711000011,add
620711000012,add
620719000011,add
620719000012,add
620719000019,add
620719000029,add
620721000000,add
620722000000,add
620729000000,add
620791000000,add
620799100000,add
620799900000,add
620811000000,add
620819000000,add
620821000011,add
620821000012,add
620822000011,add
620822000012,add
620829000011,add
620829000012,add
620891000000,add
620892000000,add
620899000000,add
620920000011,add
620920000012,add
620920000019,add
620930000011,add
620930000012,add
620930000019,add
620990100011,add
620990100012,add
620990100019,add
620990900011,add
620990900012,add
620990900019,add
621010100011,add
621010100019,add
621020000000,add
621030000000,add
621040000011,add
621040000012,add
621040000019,add
621050000011,add
621050000012,add
621050000019,add
621111000011,add
621111000019,add
621112000011,add
621112000019,add
621120000000,add
621132100011,add
621132100012,add
621132100013,add
621132100019,add
621132310000,add
621132410000,add
621132420000,add
621132900000,add
621133100011,add
621133100012,add
621133100013,add
621133100019,add
621133310000,add
621133410000,add
621133420000,add
621133900000,add
621139000021,add
621139000029,add
621139000031,add
621139000039,add
621142100000,add
621142310000,add
621142410000,add
621142420000,add
621142900000,add
621143100000,add
621143310000,add
621143410000,add
621143420000,add
621143900000,add
621149000011,add
621149000019,add
621210100000,add
621210900000,add
621220000000,add
621230000000,add
621290000011,add
621290000019,add
621320000011,add
621320000019,add
621390001000,add
621390009000,add
621410000000,add
621420000000,add
621430000000,add
621440000000,add
621490000000,add
621510001000,add
621510009000,add
621520001000,add
621520009000,add
621590001000,add
621590009000,add
621600000000,add
621710000011,add
621710000019,add
621790001100,add
621790001900,add
621790009000,add
630110000000,add
630120100000,add
630120900000,add
630130100000,add
630130900000,add
630140100000,add
630140901000,add
630140909000,add
630190100000,add
630190901000,add
630190909000,add
630210000000,add
630221000011,add
630221000019,add
630222100000,add
630222900000,add
630229100000,add
630229900000,add
630231000000,add
630232100000,add
630232900000,add
630239200000,add
630239900000,add
630240000000,add
630251000000,add
630253100000,add
630253900000,add
630259100000,add
630259900011,add
630259900012,add
630259900019,add
630260000011,add
630260000019,add
630291000000,add
630293100000,add
630293900000,add
630299100000,add
630299900011,add
630299900012,add
630299900019,add
630312000000,add
630319000000,add
630391000011,add
630391000020,add
630391000030,add
630392100000,add
630392900011,add
630392900012,add
630392900019,add
630399100000,add
630399900011,add
630399900021,add
630399900022,add
630399900023,add
630399900029,add
630411000011,add
630411000012,add
630411000019,add
630419101011,add
630419101019,add
630419109011,add
630419109019,add
630419301000,add
630419309000,add
630419901000,add
630419909011,add
630419909019,add
630420000000,add
630491000011,add
630491000012,add
630491000019,add
630492001011,add
630492001019,add
630492009011,add
630492009019,add
630493000011,add
630493000019,add
630499000011,add
630499000012,add
630499000013,add
630499000019,add
630510101000,add
630510102000,add
630510109000,add
630510901000,add
630510903000,add
630510903011,add
630510903012,add
630510903013,add
630510909000,add
630510909011,add
630510909012,add
630510909013,add
630520001000,add
630520009000,add
630532110000,add
630532190000,add
630532901000,add
630532909011,add
630532909019,add
630533100000,add
630533900000,add
630539001011,add
630539001019,add
630539002011,add
630539002019,add
630539009011,add
630539009019,add
630590001011,add
630590001019,add
630590009011,add
630590009012,add
630590009013,add
630590009019,add
630612000000,add
630619000000,add
630622000000,add
630629000000,add
630630000000,add
630640000000,add
630690000000,add
630710300000,add
630710901000,add
630720000000,add
630790100011,add
630790100019,add
630790910000,add
630800000011,add
630800000019,add
630800000021,add
630800000029,add
630900000000,add
631010000000,add
631090000011,add
631090000019,add
950430100000,add
950430200000,add
950430900000,add
950450000000,add
950490800000,add
940320809000,add
420100000000,add
940180000019,add
940421900000,add
940120000000,add
691200230000,add
330620000000,add
940360909000,add
940320200019,add
871639500000,add
940399100000,add
871640000000,add
700719800022,add
